review,label
film fantastic film scene amazing great movie happy character character film great excellent,1
character excellent happy happy film movie,1
amazing excellent amazing amazing excellent film dialogue good great film story movie movie dialogue,1
scene plot sad awful film horrible,0
plot amazing excellent story fantastic good film dialogue amazing dialogue great plot movie great,1
story love story fantastic plot character happy scene happy excellent character film good scene happy,1
hate horrible poor dialogue movie dialogue dialogue dialogue terrible terrible poor plot film sad,0
film plot bad film horrible character plot poor bad bad terrible plot story character hate,0
excellent character good great love scene scene plot story scene good dialogue dialogue love happy,1
poor sad bad character movie story story bad,0
dialogue character bad poor scene character terrible sad character horrible hate plot plot,0
horrible sad scene character movie movie hate terrible character dialogue dialogue plot horrible horrible horrible,0
scene great story amazing character,1
story plot character great film excellent good film happy love character amazing character excellent scene,1
awful film story film bad movie movie terrible horrible,0
movie fantastic love movie story fantastic story,1
hate film terrible movie film awful,0
movie fantastic amazing story happy good movie character movie,1
fantastic good movie scene happy amazing dialogue character,1
good love story excellent love character plot good scene film amazing story plot,1
scene good scene plot fantastic character amazing film story happy love,1
movie happy happy plot plot,1
movie good scene good excellent story plot,1
dialogue sad movie awful dialogue hate film horrible dialogue film terrible terrible dialogue terrible character,0
plot hate terrible dialogue bad plot scene,0
story fantastic plot great story fantastic great story excellent dialogue excellent film amazing movie,1
story awful film sad sad story plot horrible awful plot plot horrible story,0
hate bad dialogue scene dialogue movie movie scene terrible poor hate,0
amazing story story love plot scene excellent film dialogue good good,1
excellent scene amazing movie happy movie,1
sad hate horrible sad story bad film story awful movie character plot dialogue horrible,0
movie horrible terrible character plot story story poor awful horrible plot poor bad scene,0
hate dialogue character terrible character,0
film love amazing love film story dialogue,1
great character story plot scene love story fantastic amazing excellent film fantastic great dialogue,1
amazing film character dialogue great love,1
story great character excellent plot scene happy amazing plot good dialogue,1
dialogue sad plot story bad terrible,0
love movie movie happy amazing dialogue great story dialogue dialogue fantastic dialogue fantastic love plot,1
dialogue happy movie plot love amazing character,1
character awful poor poor poor movie poor awful movie character scene plot awful film film,0
poor film movie hate sad film,0
terrible movie terrible story awful character plot poor,0
plot great scene story film plot excellent fantastic love story fantastic dialogue good great,1
film poor plot dialogue hate,0
dialogue happy scene film excellent happy dialogue,1
story bad story bad bad story character hate story awful poor story dialogue,0
plot great story scene good love story excellent movie excellent plot happy film,1
film great fantastic movie movie plot excellent fantastic character scene good great scene love,1
plot great story happy film great great amazing movie dialogue,1
story happy character scene love good dialogue fantastic movie scene excellent happy film,1
dialogue love scene dialogue good excellent,1
terrible bad story bad poor character film story film bad terrible story hate story,0
fantastic excellent fantastic scene film film character happy,1
movie terrible sad character scene horrible film story movie bad bad,0
happy story plot film fantastic fantastic fantastic love fantastic dialogue plot film character,1
movie character hate hate story terrible,0
horrible character scene dialogue poor scene terrible poor story scene hate,0
film story excellent great amazing dialogue amazing film great story dialogue excellent scene,1
sad plot awful story dialogue awful bad character character bad story scene bad,0
bad plot horrible movie hate awful horrible plot dialogue plot,0
scene dialogue great story film fantastic fantastic great dialogue,1
love story great excellent dialogue character love movie plot amazing excellent scene,1
scene hate terrible movie scene horrible movie,0
happy good great film scene story film character happy fantastic,1
plot love story love film scene love,1
film character bad dialogue horrible dialogue awful plot sad horrible awful hate scene character film,0
scene horrible horrible story scene bad film plot film poor awful,0
excellent film love story movie excellent,1
bad bad dialogue sad character sad movie sad story awful story movie,0
movie bad poor plot character sad,0
horrible plot character terrible poor character story,0
plot great dialogue scene love excellent great love scene great dialogue film,1
plot movie movie poor poor dialogue bad story scene terrible bad,0
awful scene terrible horrible dialogue bad movie scene poor plot sad film,0
amazing movie scene film movie amazing excellent scene good,1
character film scene poor hate scene terrible horrible terrible dialogue horrible scene scene,0
plot poor hate story sad dialogue,0
story awful character story awful terrible scene,0
dialogue amazing dialogue dialogue excellent character happy plot love great,1
plot happy excellent character plot story excellent scene good,1
good plot plot character great scene scene excellent love,1
fantastic story film character amazing movie scene excellent great love,1
story character poor story scene sad hate movie awful film poor horrible movie,0
film poor character dialogue movie story bad sad story awful hate terrible,0
poor story awful bad dialogue film scene bad movie,0
scene character love scene amazing great amazing film story love film plot great film excellent,1
story scene story excellent amazing happy,1
dialogue plot good fantastic film excellent good scene fantastic movie dialogue,1
dialogue amazing amazing film great character movie excellent film,1
amazing happy dialogue film character love,1
excellent film character plot happy love plot excellent movie,1
character fantastic good movie story dialogue great character great story great scene love film good,1
scene hate poor poor movie scene,0
horrible awful awful scene movie dialogue movie story plot awful story bad movie hate awful,0
hate horrible movie story terrible scene awful film,0
character character poor sad character awful plot film hate sad terrible hate film plot dialogue,0
love fantastic good good great excellent scene dialogue plot film film character great plot,1
scene plot happy character fantastic excellent amazing scene dialogue fantastic love good character plot,1
story movie horrible film awful story awful,0
horrible movie story dialogue movie awful horrible scene film poor plot horrible bad,0
dialogue happy character dialogue happy amazing,1
excellent fantastic love scene scene excellent good character story plot excellent story,1
sad poor movie terrible story story,0
film movie fantastic film fantastic,1
horrible hate character story bad poor film dialogue horrible story,0
scene good movie character fantastic,1
story good story character scene plot good great fantastic amazing scene good,1
bad bad character story hate hate story movie sad scene character,0
dialogue terrible story story terrible horrible awful scene plot awful,0
bad character terrible character character,0
horrible film scene character awful dialogue hate plot poor sad bad plot movie sad,0
movie plot film terrible bad bad terrible plot scene,0
terrible horrible film scene hate character scene hate,0
dialogue awful scene awful story awful film awful poor scene hate scene,0
good scene story great story amazing,1
plot character great great story,1
character dialogue dialogue excellent fantastic fantastic scene,1
character scene dialogue scene excellent great fantastic film fantastic happy,1
happy plot story great story,1
plot great amazing story film movie amazing,1
bad hate story dialogue hate poor dialogue dialogue horrible film scene horrible,0
excellent plot character love great story scene happy dialogue love,1
horrible movie hate bad dialogue plot character,0
love film dialogue happy movie,1
good film movie film story great fantastic love fantastic character character love plot,1
good film dialogue good excellent scene love character,1
dialogue dialogue movie happy good amazing story great dialogue excellent,1
great dialogue dialogue story good amazing fantastic film,1
sad movie horrible plot movie story horrible plot sad,0
fantastic excellent excellent dialogue dialogue dialogue good scene,1
scene great movie happy story,1
poor dialogue awful plot bad story terrible horrible dialogue scene terrible scene film,0
excellent character excellent film plot love character love character happy,1
dialogue character excellent scene excellent plot movie fantastic love love scene good scene,1
happy plot dialogue fantastic character good dialogue love dialogue,1
love fantastic film story good character fantastic film dialogue good movie plot fantastic love,1
horrible film awful plot plot bad bad hate film character,0
character movie hate horrible movie poor bad character dialogue sad,0
movie hate sad scene plot scene bad,0
fantastic story story dialogue character fantastic amazing love,1
plot character film horrible film awful film sad dialogue bad horrible,0
scene plot fantastic love movie plot movie happy scene happy excellent good,1
plot poor scene sad dialogue movie character character sad bad hate poor scene,0
horrible movie awful plot scene movie poor bad,0
film story plot fantastic fantastic fantastic story,1
character dialogue story hate scene poor dialogue horrible bad character hate awful,0
scene character plot story hate story poor awful scene horrible hate awful story horrible film,0
love movie movie fantastic scene scene excellent story story happy excellent amazing good story scene,1
excellent character plot great plot,1
movie poor sad story poor character terrible dialogue,0
story excellent fantastic dialogue good dialogue dialogue happy story,1
hate scene bad scene film sad scene terrible plot,0
story amazing story movie character love story good happy,1
scene story story fantastic happy excellent scene,1
scene movie plot dialogue hate movie bad poor bad film bad poor movie terrible film,0
sad plot dialogue dialogue plot awful horrible terrible scene story hate,0
scene story bad sad character sad story,0
excellent movie story dialogue excellent fantastic dialogue great story good,1
character story fantastic amazing excellent film,1
scene poor story film horrible,0
movie dialogue sad awful story plot scene hate sad,0
love love story character fantastic scene dialogue,1
horrible movie terrible character dialogue story hate bad,0
story great movie amazing excellent happy happy story good dialogue movie amazing story movie,1
hate character plot terrible character movie awful sad story scene bad,0
scene awful character film poor,0
fantastic dialogue plot good fantastic amazing dialogue great fantastic dialogue story movie,1
fantastic dialogue scene scene movie great great film happy,1
awful film scene film film awful hate movie terrible poor awful movie scene scene horrible,0
love dialogue good scene amazing movie happy film movie,1
hate poor movie scene plot,0
scene character dialogue happy character story happy great amazing movie excellent scene good,1
plot great amazing scene scene movie good,1
scene excellent character story happy dialogue plot scene amazing excellent good fantastic good character,1
happy story fantastic scene film character scene good good,1
good movie fantastic character plot scene amazing good film,1
film film sad film terrible awful plot sad bad character dialogue scene character terrible sad,0
film dialogue sad character bad awful plot bad story terrible character,0
bad film terrible film horrible movie awful terrible movie scene,0
dialogue character amazing plot happy amazing scene scene excellent character good,1
film film plot hate bad sad hate terrible horrible plot movie film,0
fantastic amazing great excellent character character plot happy story story story,1
character bad hate plot sad dialogue terrible plot,0
hate bad scene bad plot character hate plot,0
movie story love excellent dialogue excellent film plot good great fantastic dialogue excellent story,1
awful film movie character scene story bad story hate story hate poor story hate sad,0
story poor dialogue awful dialogue terrible character sad horrible scene character hate film,0
poor story character bad story awful awful hate story plot plot,0
poor movie film sad plot sad,0
horrible sad hate scene scene character bad story plot story poor horrible,0
love movie great love movie scene,1
plot awful movie terrible story terrible character,0
scene love amazing love good film fantastic scene movie character film excellent amazing plot,1
dialogue horrible plot awful poor sad sad movie scene movie movie,0
film scene story horrible dialogue bad hate,0
story love movie story character excellent film happy fantastic,1
excellent love film character plot,1
character character bad sad poor sad story scene,0
great character amazing great film film happy character story happy love character love story scene,1
character love great excellent dialogue happy plot plot,1
amazing movie movie dialogue amazing plot amazing amazing film great,1
movie awful film dialogue hate bad poor plot dialogue hate plot story terrible story awful,0
love movie amazing great story amazing movie scene,1
excellent dialogue character happy movie amazing excellent great movie dialogue plot plot great scene excellent,1
movie awful movie poor plot awful hate story horrible story awful scene hate plot,0
fantastic dialogue amazing plot story happy plot plot amazing dialogue amazing,1
story terrible hate character character bad,0
story dialogue sad horrible bad scene,0
excellent film dialogue film excellent excellent film story good fantastic,1
hate sad dialogue film sad hate film film,0
plot awful sad film plot sad hate scene movie hate plot,0
love story story fantastic film story excellent dialogue story amazing movie good great,1
love story plot plot excellent,1
plot love movie love character,1
horrible movie film film awful bad movie story bad scene terrible awful,0
fantastic story love excellent excellent film amazing plot story plot,1
scene film awful awful hate terrible hate dialogue scene scene,0
scene character sad awful awful hate sad character film scene character terrible film horrible,0
movie movie terrible movie hate,0
plot bad scene story bad terrible,0
horrible story hate plot terrible character awful story story terrible dialogue sad awful dialogue scene,0
scene dialogue fantastic scene character amazing movie story good excellent movie excellent great,1
dialogue plot fantastic dialogue movie excellent love dialogue love amazing movie amazing,1
sad horrible dialogue bad character story movie story horrible terrible,0
scene character fantastic happy scene plot love good excellent scene dialogue great dialogue,1
movie hate awful story movie,0
dialogue sad sad character poor film horrible scene horrible awful scene plot scene,0
poor story film poor character,0
love scene fantastic character story,1
scene amazing excellent scene film happy film plot dialogue amazing happy great dialogue character amazing,1
sad terrible poor film character plot,0
sad horrible sad movie dialogue film character story dialogue sad poor awful character awful,0
character character love film plot dialogue love amazing love excellent,1
story fantastic great happy happy dialogue film fantastic story great story film,1
amazing dialogue fantastic happy story movie great good story movie love movie,1
great dialogue story scene movie good good movie excellent amazing film great,1
scene scene good dialogue great character amazing fantastic,1
amazing story happy character amazing happy movie fantastic amazing plot scene story,1
amazing fantastic love plot scene plot,1
story sad awful story movie awful,0
film hate character film sad plot scene bad bad bad terrible hate plot film plot,0
story horrible plot movie bad dialogue hate scene bad bad terrible character terrible movie,0
hate story character character plot terrible awful,0
good scene amazing plot plot love film happy story film good movie love love movie,1
scene film sad story hate movie plot dialogue horrible poor bad movie horrible hate dialogue,0
scene bad poor character horrible scene character sad terrible movie plot awful dialogue,0
character bad character horrible film dialogue scene horrible horrible bad,0
character horrible dialogue terrible film hate dialogue,0
scene fantastic dialogue movie great happy movie,1
character hate hate movie dialogue film sad film hate,0
terrible awful movie scene scene horrible sad plot awful terrible movie dialogue,0
fantastic character dialogue good scene happy,1
dialogue dialogue terrible sad poor plot,0
poor scene awful terrible plot dialogue film horrible plot sad dialogue movie sad awful,0
excellent fantastic dialogue happy plot story,1
scene scene horrible sad hate movie hate movie movie,0
good happy good plot character dialogue film dialogue love plot love dialogue amazing,1
sad film hate dialogue plot,0
scene scene film awful terrible terrible horrible scene sad horrible character character plot horrible,0
story sad movie story bad film character dialogue horrible poor bad bad film bad dialogue,0
film good happy good amazing scene film excellent movie movie movie good happy dialogue character,1
horrible film horrible plot plot terrible poor awful dialogue scene,0
scene scene bad hate film movie film awful terrible,0
story sad horrible character story dialogue awful plot hate,0
character awful horrible movie poor film character terrible scene,0
bad movie poor bad movie dialogue movie poor hate character movie hate character horrible,0
movie story dialogue story hate story sad awful bad,0
terrible movie dialogue awful plot bad character plot poor poor hate dialogue,0
dialogue poor bad hate character plot dialogue hate terrible character terrible dialogue story,0
sad dialogue awful dialogue plot scene film terrible terrible bad awful scene movie hate,0
scene fantastic movie amazing amazing dialogue plot love,1
amazing amazing film happy plot scene story amazing plot,1
character sad hate dialogue story awful,0
fantastic dialogue amazing film amazing dialogue dialogue fantastic,1
movie movie film film story scene hate hate dialogue hate awful terrible terrible,0
film excellent good character love film story scene love film good story excellent story great,1
character story amazing story amazing fantastic film excellent scene happy film amazing film,1
character sad movie plot sad film sad hate bad poor dialogue character,0
awful film plot scene dialogue hate awful horrible,0
film happy amazing scene dialogue happy dialogue,1
horrible story story horrible movie plot dialogue bad poor awful terrible character,0
hate film plot bad movie hate scene,0
terrible hate plot film scene hate film story horrible,0
bad poor character movie sad dialogue hate dialogue plot story hate poor,0
awful hate scene movie poor movie bad dialogue scene awful hate story,0
love excellent scene great character amazing story amazing plot dialogue story,1
dialogue horrible scene horrible story scene dialogue hate plot movie hate terrible awful terrible,0
plot sad character poor dialogue sad film character horrible scene character hate scene hate horrible,0
film plot bad scene sad scene bad movie character movie bad poor awful awful,0
hate character movie movie character horrible horrible,0
dialogue character good happy scene dialogue scene scene happy good fantastic good scene,1
character scene amazing love excellent plot plot,1
dialogue dialogue sad hate movie movie film character awful terrible poor,0
excellent story story excellent amazing dialogue great dialogue good character dialogue movie great love,1
horrible scene dialogue sad sad scene movie movie hate terrible,0
scene great happy great happy story excellent dialogue dialogue great movie dialogue character excellent film,1
plot fantastic dialogue plot fantastic amazing film scene story great fantastic movie great,1
amazing dialogue great film scene film dialogue movie love love character amazing happy fantastic,1
poor dialogue horrible awful bad movie plot story horrible film poor story,0
amazing film love excellent amazing movie scene scene excellent character,1
character film scene hate movie film poor character hate awful bad bad,0
amazing movie happy love movie happy story plot good character dialogue,1
plot dialogue story terrible bad hate terrible film movie movie hate dialogue horrible,0
scene hate scene sad horrible sad plot film,0
character dialogue amazing happy film fantastic plot film great love,1
hate awful dialogue dialogue plot plot character character bad hate awful awful,0
character sad scene scene bad poor horrible story film horrible,0
fantastic dialogue movie good story,1
excellent excellent movie character story fantastic character,1
character character sad character poor hate bad sad film movie scene dialogue horrible sad,0
bad movie awful hate story film character sad plot,0
horrible dialogue sad movie character story poor dialogue awful hate,0
movie film poor sad horrible scene dialogue,0
character poor scene hate sad poor movie story bad character,0
dialogue awful awful dialogue plot poor sad movie horrible movie movie,0
fantastic good happy excellent plot movie story movie,1
poor film scene plot bad movie scene horrible horrible poor movie awful movie awful,0
movie movie poor plot horrible character awful bad hate scene character awful,0
awful movie terrible scene horrible movie film sad movie bad,0
scene fantastic movie happy fantastic amazing movie dialogue,1
dialogue sad horrible dialogue terrible film story,0
movie horrible awful scene plot horrible scene hate awful dialogue character terrible plot poor scene,0
film story movie hate film plot character dialogue bad horrible hate bad awful awful,0
love character movie film fantastic excellent plot dialogue excellent love,1
character amazing plot film plot dialogue fantastic good great,1
plot movie excellent dialogue scene great excellent dialogue happy excellent love character amazing story dialogue,1
happy film love film plot happy story character plot happy love,1
happy happy story plot character story love love amazing film dialogue love dialogue fantastic,1
movie fantastic film great character,1
movie story film happy excellent good,1
dialogue plot character happy plot fantastic love,1
dialogue dialogue film horrible scene sad horrible,0
plot scene story plot hate terrible horrible hate horrible film movie dialogue awful,0
happy film film movie good,1
poor hate scene horrible movie scene,0
poor bad movie story dialogue character sad poor,0
excellent great great film great character excellent excellent movie dialogue movie movie character amazing,1
fantastic love happy film film movie character love dialogue happy scene story excellent,1
scene story awful terrible awful film poor story character sad character terrible,0
film fantastic character dialogue amazing,1
scene film sad bad horrible scene film awful scene awful,0
love good character excellent scene movie plot character excellent scene dialogue film amazing good great,1
movie hate story character film sad poor hate awful character scene bad movie character hate,0
movie scene movie amazing love,1
film amazing fantastic character dialogue story great,1
scene dialogue plot love good,1
horrible awful scene film dialogue bad dialogue terrible dialogue bad,0
excellent plot story scene story scene good good love,1
excellent excellent film scene movie happy film happy excellent character,1
film fantastic story dialogue fantastic love fantastic good movie movie good dialogue scene happy,1
excellent movie story amazing excellent film scene character amazing fantastic film great,1
story love plot dialogue happy excellent,1
fantastic amazing happy scene love scene dialogue film amazing film fantastic film story,1
story horrible scene dialogue poor sad plot story character sad awful horrible,0
dialogue terrible film plot plot sad sad scene bad character hate horrible,0
film love excellent plot character happy plot amazing,1
happy scene great amazing fantastic dialogue movie amazing movie excellent plot character plot good character,1
happy film dialogue scene love love excellent fantastic film character character,1
fantastic character movie fantastic fantastic character character great fantastic love scene fantastic movie movie,1
movie excellent character great good good character movie amazing plot story,1
film story good excellent plot fantastic,1
bad poor poor story bad dialogue character film hate character,0
poor bad terrible film film terrible character story sad bad movie film hate film,0
character horrible film character bad film plot awful awful sad dialogue,0
horrible terrible story plot dialogue horrible,0
fantastic amazing story movie character dialogue great,1
amazing happy story character film love scene,1
terrible film poor scene poor story terrible character,0
terrible plot plot story film bad scene bad horrible horrible story,0
scene excellent dialogue great happy dialogue movie character amazing love character love good plot movie,1
excellent film dialogue amazing plot fantastic great great plot good scene character happy character,1
story fantastic great great movie film character plot fantastic,1
poor horrible film story awful plot,0
dialogue sad movie movie terrible movie bad bad movie sad film,0
plot love amazing amazing story happy story film,1
character awful dialogue terrible horrible dialogue,0
excellent love story great plot film film good,1
film scene good plot fantastic story love great dialogue,1
film great excellent scene great scene,1
horrible scene character plot sad plot bad,0
poor awful story poor movie dialogue story sad bad film,0
great fantastic plot character scene story excellent movie character story fantastic happy excellent,1
plot movie happy amazing character movie love amazing amazing dialogue,1
film happy good character movie story fantastic love dialogue plot fantastic movie happy amazing story,1
dialogue dialogue poor terrible story terrible story movie terrible character bad hate,0
terrible movie terrible scene dialogue,0
dialogue character film fantastic love plot dialogue excellent character good good fantastic,1
character poor scene dialogue poor horrible,0
movie plot poor poor movie character hate,0
bad bad film film scene bad hate plot poor scene,0
love excellent character great scene love movie love love film film film story movie great,1
bad scene terrible poor film horrible bad character story scene,0
good plot excellent love love great scene dialogue film fantastic character scene great plot plot,1
plot poor sad horrible character plot story terrible film scene horrible movie hate horrible,0
sad scene hate hate poor character scene scene scene story horrible,0
story film film excellent great excellent dialogue film plot fantastic amazing good,1
fantastic love story scene film great character love,1
character awful character horrible sad dialogue hate awful plot dialogue,0
character character excellent plot excellent fantastic plot,1
bad poor horrible horrible character character awful hate plot plot dialogue dialogue story hate,0
good plot scene film good great,1
happy scene fantastic scene great happy dialogue character excellent plot plot,1
scene awful character story bad sad character bad,0
fantastic scene movie fantastic movie,1
happy scene love amazing plot plot excellent film,1
dialogue character great love film movie love movie happy good scene,1
happy excellent story dialogue great plot,1
poor poor poor plot dialogue plot bad scene,0
scene character great great happy dialogue film,1
character great plot story great scene excellent fantastic,1
movie scene plot sad hate sad,0
scene awful plot character horrible film terrible,0
great scene movie happy great movie happy happy character plot,1
movie plot amazing love dialogue plot fantastic film love story good fantastic,1
plot movie film plot love film fantastic plot good story excellent excellent character excellent great,1
plot love happy dialogue scene,1
movie terrible character bad awful story sad character poor character,0
good character film great happy excellent amazing dialogue character movie fantastic character plot,1
happy excellent film plot great excellent story story dialogue great,1
movie film terrible story poor plot story scene poor bad hate,0
amazing story story excellent movie excellent amazing dialogue excellent plot character dialogue amazing story excellent,1
hate scene bad bad scene scene dialogue movie dialogue horrible poor,0
scene film film poor awful scene bad,0
great story fantastic good dialogue scene,1
awful sad scene hate dialogue scene plot poor,0
scene film good story great film film fantastic scene fantastic movie great fantastic,1
movie happy great character dialogue,1
happy excellent love movie story movie character great,1
terrible poor dialogue awful poor terrible movie dialogue awful dialogue poor character dialogue character,0
plot movie horrible sad dialogue hate dialogue scene bad horrible dialogue,0
sad scene film scene movie character scene hate terrible movie bad poor awful awful,0
film terrible terrible film horrible poor bad story character scene dialogue awful,0
amazing film love story love fantastic dialogue dialogue plot,1
character great amazing dialogue fantastic scene character movie movie happy love love,1
bad film plot movie hate scene bad bad dialogue awful,0
horrible bad horrible dialogue terrible movie story horrible film plot,0
great fantastic fantastic plot dialogue dialogue dialogue fantastic amazing story plot dialogue good,1
plot amazing plot movie excellent,1
character dialogue hate sad awful film film horrible sad story film,0
sad awful scene plot bad horrible character poor horrible sad plot story scene movie,0
movie dialogue character terrible poor hate,0
character dialogue dialogue horrible sad dialogue terrible hate dialogue poor,0
film movie sad horrible character hate sad story sad film,0
story happy love good amazing love movie plot character scene movie love film fantastic,1
film excellent happy plot film,1
film plot bad sad movie plot plot sad dialogue poor terrible horrible dialogue hate plot,0
hate movie dialogue terrible terrible movie bad movie plot poor horrible film,0
love movie fantastic character film scene happy,1
good plot scene love amazing excellent movie love dialogue scene,1
dialogue dialogue fantastic great amazing great amazing film scene plot character love,1
character fantastic story fantastic love film scene great great movie dialogue good great dialogue,1
excellent excellent story scene character,1
amazing excellent excellent scene amazing great movie film great movie good scene dialogue movie,1
fantastic amazing story amazing love story dialogue movie,1
movie character character film great dialogue excellent excellent amazing great love happy film plot,1
story good great story movie good great dialogue amazing movie,1
poor poor scene story bad character,0
fantastic character good excellent plot scene,1
dialogue plot dialogue fantastic scene movie great scene fantastic love love love,1
bad character hate dialogue dialogue,0
terrible bad awful sad movie story movie poor plot film,0
horrible movie scene film hate horrible scene film poor hate sad movie movie poor,0
love dialogue love movie film love love great happy scene story dialogue plot love film,1
movie sad story poor film terrible character,0
bad movie horrible dialogue terrible story story scene plot hate awful dialogue poor,0
fantastic amazing film character good excellent love film fantastic movie dialogue great scene plot,1
amazing film film movie amazing dialogue good dialogue great dialogue amazing story movie good fantastic,1
terrible terrible movie awful awful film story story,0
movie sad poor poor terrible movie story story character terrible scene,0
plot fantastic amazing dialogue plot amazing,1
bad movie horrible story film terrible horrible character hate character plot,0
awful awful sad movie scene plot sad horrible movie movie sad movie movie,0
movie bad poor character movie,0
scene scene great great dialogue great character fantastic character character love,1
love good dialogue excellent character character fantastic happy great character character amazing dialogue film,1
plot fantastic amazing love film movie scene plot good,1
terrible terrible dialogue movie dialogue horrible dialogue terrible bad terrible scene dialogue plot,0
hate bad story scene movie film bad hate dialogue,0
film story film bad scene sad scene poor awful story bad sad dialogue,0
film love character film story story good love love film amazing good dialogue,1
scene amazing plot story happy amazing story film fantastic dialogue good dialogue character excellent fantastic,1
story character love amazing movie love film excellent scene amazing,1
plot movie poor plot sad poor dialogue,0
great character excellent movie story great amazing character film,1
plot sad bad plot horrible character bad story terrible scene movie,0
great dialogue plot amazing story fantastic dialogue amazing film,1
film excellent dialogue great love story movie,1
happy scene fantastic great character scene,1
scene dialogue movie character great character love good excellent great plot character amazing,1
plot dialogue movie poor film hate scene bad hate dialogue poor bad bad film character,0
plot awful character dialogue hate,0
plot amazing film fantastic plot happy dialogue plot plot happy happy,1
story movie movie great good happy,1
amazing movie movie excellent happy movie love plot dialogue movie good great plot,1
sad hate story plot bad hate dialogue plot poor scene,0
horrible plot story awful film terrible,0
excellent good scene plot love love excellent story film great love movie dialogue movie,1
happy good film story story happy movie great excellent film story happy,1
movie great film plot fantastic fantastic plot fantastic character good movie great excellent movie,1
terrible story bad story movie awful terrible character plot scene story poor bad,0
dialogue poor plot terrible scene dialogue dialogue terrible movie awful horrible,0
dialogue plot story bad sad plot bad,0
film plot amazing happy excellent character,1
terrible awful sad sad awful scene horrible character dialogue plot scene story,0
movie story fantastic dialogue dialogue love amazing happy dialogue great,1
movie poor terrible dialogue poor movie bad story story,0
movie bad hate scene sad dialogue,0
poor sad movie plot plot horrible dialogue,0
dialogue scene love great fantastic scene,1
good love scene fantastic character plot good plot love character scene excellent,1
film hate bad plot movie bad scene scene bad film horrible story sad story poor,0
story good plot dialogue love good scene great movie story good fantastic,1
scene sad horrible dialogue character hate film dialogue dialogue hate awful,0
dialogue movie bad bad terrible hate bad plot dialogue film,0
scene love fantastic film plot love,1
dialogue good good character character fantastic excellent story film,1
film movie amazing happy movie amazing,1
love scene scene movie excellent,1
plot dialogue horrible hate scene,0
plot dialogue good character great fantastic great fantastic movie scene character,1
plot poor character character film character sad film bad hate poor,0
poor story hate movie horrible film film,0
amazing character great plot scene great happy love character love dialogue scene good scene,1
good story excellent dialogue good plot good character,1
excellent love scene love film story,1
sad story character sad story movie film awful hate plot story terrible hate,0
movie film horrible hate dialogue,0
movie film good amazing good plot scene happy excellent character love character film happy,1
poor story awful scene plot sad scene,0
good excellent love movie movie plot excellent character movie,1
character poor terrible plot dialogue bad story bad,0
awful dialogue dialogue poor dialogue scene sad sad,0
good love love character scene film plot great plot,1
film scene film fantastic fantastic character happy fantastic dialogue fantastic,1
awful movie sad plot terrible movie horrible film scene horrible film,0
great scene film excellent story amazing,1
good film scene character story good amazing happy film,1
movie movie movie hate horrible hate hate bad scene movie hate movie movie,0
awful film character hate scene,0
film film poor horrible film terrible sad horrible plot hate film dialogue,0
sad bad bad film plot story movie,0
character hate plot scene terrible,0
character excellent amazing plot excellent film happy scene character,1
story awful sad bad dialogue film story sad plot,0
awful hate scene film character scene terrible terrible film terrible character bad sad plot,0
character excellent dialogue love film,1
character amazing scene plot amazing happy,1
character terrible film film story scene bad scene terrible awful hate,0
good amazing dialogue fantastic dialogue film,1
story awful film dialogue awful,0
story scene scene movie amazing excellent amazing excellent plot plot love fantastic film,1
bad awful movie movie dialogue awful scene scene hate terrible story,0
movie dialogue dialogue bad terrible dialogue terrible story horrible terrible awful dialogue plot awful,0
good story amazing dialogue excellent film,1
scene movie excellent good plot good film fantastic,1
dialogue movie film film fantastic scene scene happy good fantastic plot amazing great,1
character terrible poor horrible story dialogue,0
story good great story excellent plot plot,1
good story excellent character scene happy film amazing,1
great movie plot amazing excellent character film excellent character,1
excellent story film dialogue love excellent scene,1
dialogue sad plot terrible plot plot dialogue terrible terrible,0
awful plot plot horrible dialogue sad story,0
sad character sad sad terrible scene terrible dialogue character bad story plot,0
plot dialogue bad scene character story film hate poor scene bad terrible hate,0
plot story dialogue plot story excellent scene film great good plot happy fantastic excellent great,1
horrible plot film bad awful dialogue character horrible terrible movie,0
plot amazing plot good film story amazing,1
movie great great great character dialogue movie plot fantastic love,1
horrible scene story film sad awful scene awful movie,0
great character excellent scene excellent dialogue amazing plot love character,1
hate scene film bad story sad,0
amazing plot movie excellent scene,1
character love story happy story great scene happy plot,1
bad awful dialogue character story horrible film story horrible plot poor horrible hate story,0
fantastic happy story dialogue amazing scene,1
excellent plot plot love plot great,1
hate scene terrible scene plot,0
fantastic dialogue good plot scene,1
character film awful movie bad terrible,0
sad dialogue movie poor poor character movie,0
scene dialogue scene love character excellent good love,1
scene terrible dialogue movie terrible scene scene scene terrible terrible hate character movie poor poor,0
story scene happy character great amazing character good story amazing,1
scene story story terrible hate bad character story plot sad horrible,0
character dialogue amazing scene excellent excellent dialogue story excellent great good story story love movie,1
hate horrible dialogue scene hate film movie sad character film movie hate sad horrible plot,0
bad character scene poor horrible dialogue movie sad scene bad plot,0
scene plot good good good fantastic scene character story happy character excellent plot movie excellent,1
plot sad awful plot movie terrible,0
plot hate terrible character sad character terrible film film hate,0
film good good good happy film film character dialogue love,1
story movie happy happy good plot great film love film fantastic movie story excellent,1
bad hate horrible movie plot dialogue hate character awful dialogue,0
excellent great excellent story amazing dialogue scene plot fantastic scene love movie character movie amazing,1
good story story good happy scene scene love film,1
story awful dialogue sad character terrible sad horrible poor character film scene bad character character,0
excellent character great dialogue amazing excellent dialogue story scene,1
scene great scene story fantastic,1
great love plot character character love film great movie good fantastic character movie dialogue good,1
poor movie character movie awful terrible sad movie awful dialogue,0
plot good movie film good amazing dialogue dialogue good good happy dialogue,1
film hate terrible story film poor movie dialogue film awful awful poor bad film character,0
excellent amazing scene excellent film character dialogue character film character amazing happy love,1
scene fantastic dialogue plot great,1
story great story character dialogue character excellent great love fantastic excellent movie,1
poor awful story plot movie scene terrible plot bad bad horrible dialogue scene horrible movie,0
horrible hate character film character dialogue bad terrible horrible story awful story,0
sad horrible movie sad terrible movie story story,0
sad hate film dialogue movie awful awful awful awful character plot story,0
hate dialogue bad terrible hate character awful character plot dialogue,0
scene poor plot movie awful horrible character dialogue poor,0
movie sad story character film bad hate,0
dialogue fantastic story love character love excellent excellent film dialogue story,1
fantastic plot scene excellent excellent film character,1
plot fantastic character happy dialogue fantastic,1
movie scene hate plot terrible movie bad poor,0
horrible film film character terrible,0
amazing character amazing character character plot character good amazing,1
happy plot plot movie amazing excellent fantastic film story fantastic movie great good film,1
great scene happy character amazing amazing great dialogue scene story fantastic amazing scene story scene,1
plot fantastic plot film character fantastic excellent excellent dialogue great character excellent character great,1
plot dialogue awful awful story sad scene sad story,0
awful terrible movie scene scene bad,0
love love fantastic excellent character plot plot scene plot happy happy dialogue scene,1
dialogue great character film fantastic film happy happy dialogue fantastic story,1
poor scene movie scene character horrible bad film story poor awful,0
great amazing plot amazing character story story happy story,1
story scene terrible movie story character terrible bad terrible terrible scene scene poor,0
poor bad horrible awful character character horrible plot plot story,0
film poor poor plot dialogue terrible poor film terrible movie poor scene movie,0
excellent happy happy amazing plot film story character scene great story good,1
happy story character love scene character amazing excellent fantastic dialogue,1
scene great dialogue character good amazing,1
horrible scene movie terrible story poor film movie story sad bad,0
good film movie movie good excellent excellent character character great,1
poor sad awful film dialogue scene terrible movie dialogue awful,0
fantastic story scene amazing amazing happy story happy movie story scene film great,1
movie dialogue bad character movie movie sad terrible bad horrible movie horrible dialogue,0
terrible character scene story poor,0
love character scene love story,1
hate terrible character bad film movie,0
plot movie story character sad film awful horrible hate,0
love love fantastic film happy film plot excellent fantastic dialogue story scene movie scene amazing,1
awful character character poor plot terrible,0
movie plot film film happy great fantastic love amazing film film fantastic,1
character poor film poor awful terrible plot character plot sad scene film sad bad,0
awful plot scene bad movie plot terrible terrible character terrible,0
dialogue character love movie happy film excellent,1
movie scene awful story story horrible awful,0
love plot love scene film excellent fantastic character scene plot dialogue fantastic good,1
story great plot plot scene good great,1
film story sad poor terrible bad movie character scene awful,0
character character film terrible sad,0
film amazing good dialogue excellent movie,1
excellent scene great movie scene happy story,1
scene good happy amazing scene love movie happy love character love story plot film story,1
amazing happy story film dialogue great,1
amazing happy scene movie amazing movie film excellent,1
dialogue excellent good character movie story amazing good film scene fantastic,1
film sad sad plot horrible plot,0
plot happy film plot character happy great story amazing,1
film sad plot terrible character horrible terrible character,0
film fantastic scene story amazing fantastic story excellent amazing character character love excellent film,1
great movie good excellent happy movie movie scene dialogue,1
scene film sad film bad plot poor bad dialogue horrible,0
dialogue sad plot hate film awful,0
dialogue story dialogue great love story great character good,1
movie dialogue terrible sad plot poor,0
film love character love amazing happy plot character great happy character fantastic dialogue film character,1
story sad plot awful hate movie character character hate story bad,0
story horrible terrible dialogue film character poor movie poor character character terrible awful horrible scene,0
awful story hate awful hate scene scene character story bad movie awful movie,0
happy love dialogue fantastic happy movie character character plot,1
great film dialogue dialogue amazing film movie amazing fantastic,1
film character good movie love story amazing,1
sad bad character story sad story film poor scene,0
excellent excellent dialogue dialogue character good,1
amazing dialogue love movie dialogue happy excellent scene excellent love love scene scene scene,1
plot poor story plot film hate dialogue sad horrible awful terrible movie,0
horrible plot horrible character horrible plot story dialogue dialogue poor movie awful bad terrible,0
dialogue bad terrible film sad character sad horrible scene movie,0
film amazing excellent film excellent fantastic good love character character dialogue character dialogue character great,1
plot dialogue good dialogue happy,1
plot happy amazing scene good plot good character story amazing plot,1
terrible horrible horrible story plot scene terrible movie,0
great character plot story amazing amazing scene dialogue amazing good,1
movie story sad poor character bad,0
fantastic love excellent dialogue story fantastic movie plot,1
good movie story fantastic amazing character plot,1
film character character amazing character story movie good love excellent amazing good,1
love fantastic story movie plot amazing,1
fantastic character love good dialogue dialogue,1
love plot great story story good happy scene,1
poor movie dialogue awful sad poor terrible character story plot terrible character scene sad,0
film movie sad terrible dialogue,0
dialogue character fantastic scene happy amazing great scene excellent movie,1
terrible bad plot scene movie sad,0
character fantastic film dialogue good amazing movie,1
scene story character horrible bad,0
amazing amazing great dialogue dialogue film excellent story film,1
scene film character film horrible terrible awful scene hate plot sad horrible,0
story happy scene amazing love amazing love story character film,1
character amazing movie excellent amazing movie movie,1
awful character movie story movie horrible poor,0
sad film film character awful horrible dialogue movie awful,0
dialogue film dialogue awful scene film bad poor scene movie horrible horrible bad,0
horrible film bad story awful plot,0
story plot movie scene hate poor sad terrible plot plot movie terrible awful,0
story story fantastic movie great amazing dialogue scene excellent fantastic film happy,1
character good film happy movie fantastic character dialogue excellent,1
terrible character poor scene film sad,0
story bad character hate poor awful plot movie poor plot dialogue movie story horrible hate,0
hate terrible character plot sad film plot bad,0
dialogue horrible sad character hate terrible character story story plot terrible story awful,0
story awful poor dialogue terrible movie terrible story terrible horrible movie character sad plot,0
sad movie sad plot dialogue hate,0
great scene scene fantastic character,1
plot dialogue movie fantastic excellent plot movie movie happy excellent happy,1
character great good film great scene film fantastic plot,1
plot bad story bad film plot poor poor dialogue plot sad sad awful story,0
bad plot movie story terrible scene scene movie story bad horrible hate terrible,0
sad character movie scene poor sad poor movie awful scene character film bad bad,0
horrible scene story terrible dialogue film horrible dialogue sad,0
story plot sad terrible plot hate plot,0
sad terrible awful hate character story character terrible film dialogue poor film,0
excellent happy story character dialogue good,1
bad dialogue story character poor bad plot bad horrible film scene horrible sad movie,0
plot movie bad film terrible scene sad dialogue bad awful sad scene,0
scene amazing happy story movie good,1
plot bad hate film film hate poor sad story plot,0
dialogue fantastic amazing character plot,1
story dialogue good love story story love film great plot great good movie,1
character story terrible character terrible poor terrible movie film terrible,0
poor hate terrible story dialogue character,0
great amazing character good good movie movie dialogue,1
excellent film amazing movie dialogue amazing character,1
character dialogue scene hate hate sad story poor,0
story dialogue awful terrible character film scene horrible poor awful awful plot plot horrible,0
terrible film plot character terrible movie movie awful bad bad,0
hate terrible bad movie character story awful plot poor scene film,0
scene good great movie plot,1
character great excellent film story plot film movie fantastic good love good,1
bad sad terrible film bad sad dialogue dialogue plot story bad horrible film plot,0
plot poor horrible dialogue scene story hate awful character sad,0
scene scene movie good character plot happy plot happy love fantastic,1
dialogue fantastic fantastic story scene great film story excellent story excellent movie love,1
movie character terrible hate plot bad scene plot awful,0
bad movie terrible story movie,0
sad bad character film story,0
film plot good dialogue film character great love good amazing love movie love character,1
dialogue good movie fantastic movie great amazing scene,1
love happy good dialogue plot happy plot character good plot,1
plot story story excellent story good excellent happy,1
film terrible plot plot horrible story film sad story sad hate,0
plot film dialogue plot hate dialogue hate bad sad,0
movie fantastic love excellent character happy story scene film dialogue love,1
amazing good dialogue film good character story story excellent great character,1
story dialogue scene excellent amazing love amazing character dialogue film amazing excellent,1
fantastic love amazing scene film plot,1
film character poor hate horrible plot terrible scene movie,0
horrible poor poor film sad dialogue dialogue sad story film character awful,0
movie story character poor bad,0
horrible film plot bad sad character movie,0
plot character character great happy,1
movie movie excellent amazing scene scene character great film happy movie excellent story love great,1
fantastic movie plot good good dialogue,1
plot scene horrible hate terrible hate movie dialogue,0
good story great love film love movie good dialogue film great scene,1
character terrible character horrible film terrible character character terrible hate,0
story plot happy movie dialogue love great great scene great fantastic plot,1
happy character great film movie great plot fantastic fantastic excellent film story plot,1
movie scene sad terrible poor movie plot plot poor movie hate sad,0
scene dialogue happy movie happy story amazing,1
hate scene film plot hate,0
plot character movie scene fantastic great movie amazing excellent film excellent dialogue love great dialogue,1
poor sad film bad plot film hate character,0
dialogue horrible character awful sad film poor story story horrible dialogue awful,0
awful character movie plot dialogue hate sad,0
dialogue bad plot scene horrible scene movie terrible terrible sad plot sad scene movie horrible,0
dialogue awful plot character poor character hate horrible,0
dialogue scene film love good,1
terrible plot dialogue poor dialogue awful hate terrible dialogue poor dialogue film dialogue,0
plot terrible sad story terrible poor hate plot dialogue sad film sad film movie,0
poor story scene horrible terrible dialogue character plot awful sad poor movie,0
sad dialogue story hate bad scene bad film sad dialogue,0
character love fantastic scene story story amazing,1
plot plot character film sad story scene sad horrible horrible horrible scene hate bad,0
terrible scene film story awful sad poor scene dialogue,0
character story love great good excellent dialogue dialogue amazing scene plot,1
sad character awful horrible story sad sad terrible plot poor character story story film character,0
horrible movie horrible story plot sad plot scene film poor sad,0
dialogue character sad terrible film sad,0
bad bad awful plot film plot character poor,0
amazing good fantastic plot scene story happy film dialogue amazing,1
horrible awful dialogue film character story movie hate movie horrible plot awful hate,0
character dialogue poor terrible plot hate scene character film film sad terrible character poor poor,0
poor film character bad hate poor plot film film,0
love good film plot excellent good plot story good plot love movie amazing dialogue,1
film hate dialogue movie awful plot terrible terrible scene awful dialogue bad bad scene dialogue,0
plot hate character terrible story awful,0
love plot good great movie plot movie great movie movie excellent great,1
character dialogue love good scene,1
movie sad film film sad,0
film awful movie terrible awful poor plot movie movie poor story hate,0
scene scene great happy scene good,1
terrible film poor dialogue bad film dialogue film sad,0
great good scene character love movie story happy character,1
scene movie great good excellent happy excellent scene story dialogue happy story,1
love scene good plot dialogue,1
happy good character excellent happy story movie amazing story film,1
amazing scene fantastic story film good plot happy amazing movie scene happy great character,1
bad scene horrible film dialogue story bad,0
great story movie film excellent movie great scene scene love story excellent excellent fantastic,1
bad plot terrible movie character bad,0
fantastic film excellent dialogue plot love scene scene dialogue film amazing great happy,1
movie great character film great,1
character film scene awful story awful sad dialogue terrible scene character scene awful sad poor,0
terrible film awful plot scene scene awful dialogue sad story terrible hate plot plot awful,0
character poor poor sad horrible bad plot movie movie character,0
horrible film story terrible character horrible scene,0
terrible terrible plot plot hate story dialogue poor terrible scene,0
terrible sad scene film story awful sad awful story plot plot horrible,0
amazing character happy dialogue love dialogue dialogue character film good great fantastic dialogue scene fantastic,1
awful awful hate movie movie story,0
plot terrible bad plot film sad plot sad plot horrible,0
character scene hate awful plot,0
poor poor character awful bad poor awful awful plot scene plot movie film dialogue,0
hate character film awful plot,0
scene good character love scene,1
great happy scene plot happy scene scene good film love movie story good movie good,1
character dialogue bad bad hate scene poor story bad story dialogue horrible bad scene character,0
awful dialogue horrible poor poor dialogue scene scene,0
love great dialogue film character love,1
scene excellent amazing character amazing film love excellent movie story film plot fantastic,1
poor plot character film terrible,0
scene plot love story fantastic,1
scene movie poor bad story,0
plot scene fantastic plot great character plot great happy happy,1
movie movie dialogue bad awful plot dialogue scene bad awful bad scene sad horrible,0
excellent amazing dialogue story film love happy plot,1
hate story scene dialogue story movie awful bad bad bad dialogue,0
good great story scene dialogue great,1
film scene great dialogue character amazing good excellent film good story great,1
film horrible hate story horrible movie poor plot,0
terrible film bad movie movie hate movie movie terrible,0
bad hate character scene poor plot story bad plot sad dialogue bad movie horrible,0
poor movie film dialogue poor horrible,0
scene amazing film great plot fantastic story film excellent fantastic character,1
story sad story hate story awful,0
sad story film character horrible horrible plot awful,0
plot dialogue film dialogue awful awful horrible dialogue terrible awful,0
horrible character story horrible scene bad character,0
film terrible character terrible character,0
dialogue fantastic fantastic story fantastic dialogue happy great character film dialogue fantastic dialogue,1
love love dialogue movie character happy movie excellent dialogue amazing,1
story movie great love dialogue excellent,1
bad terrible scene story poor story terrible movie film plot hate terrible,0
awful dialogue character film bad poor film horrible,0
terrible sad dialogue movie story character character sad poor terrible story hate,0
movie amazing film film story fantastic good amazing,1
bad poor film horrible sad terrible bad plot movie plot movie movie plot,0
movie film film dialogue fantastic love fantastic dialogue good love excellent scene plot,1
good plot plot dialogue great movie character excellent good excellent scene amazing scene story great,1
amazing story film plot amazing dialogue great film happy love love excellent film plot,1
plot movie terrible dialogue awful story terrible hate terrible film,0
scene happy amazing character dialogue,1
good film happy good great fantastic film plot happy scene plot movie love plot character,1
poor horrible movie character story sad character story awful hate dialogue character awful,0
bad movie dialogue terrible dialogue,0
plot movie great dialogue love love,1
good good movie good great dialogue story scene great story plot,1
fantastic story fantastic good plot movie movie,1
sad scene scene horrible poor character,0
story love excellent amazing character great movie good good film scene movie,1
story amazing story good character great character character fantastic great,1
film movie movie amazing plot love happy happy scene,1
story great scene dialogue amazing excellent amazing amazing love story movie character dialogue amazing movie,1
fantastic dialogue scene film love good,1
happy excellent plot good plot character excellent great love dialogue film movie story,1
scene plot poor terrible plot story horrible dialogue sad film sad plot poor film awful,0
character movie movie terrible poor awful,0
great fantastic scene amazing movie film plot story good amazing,1
movie fantastic scene movie film dialogue great film excellent film good good fantastic,1
bad sad dialogue dialogue story bad dialogue horrible,0
film story movie dialogue poor hate scene horrible story sad horrible bad scene,0
film dialogue plot amazing amazing scene great amazing fantastic dialogue story happy,1
story plot terrible horrible sad story,0
character good good movie happy story plot film excellent plot dialogue scene love amazing excellent,1
plot character fantastic love love scene,1
happy love plot film dialogue,1
plot dialogue hate sad sad dialogue dialogue,0
great dialogue excellent fantastic film character story,1
movie terrible sad story character poor scene,0
sad film hate scene plot hate movie character horrible movie awful movie awful plot poor,0
excellent great story scene great plot fantastic story fantastic story,1
dialogue awful poor plot movie awful awful character story film movie bad hate,0
horrible film scene awful character plot story scene terrible awful bad hate,0
story movie movie amazing great,1
character dialogue amazing excellent plot good plot movie scene good dialogue love scene love great,1
story film good movie great film amazing fantastic excellent film plot fantastic,1
fantastic great good film movie love fantastic dialogue story excellent dialogue film,1
awful plot poor film story movie bad,0
plot horrible bad character scene,0
terrible terrible movie terrible movie film bad plot story plot poor horrible,0
terrible scene character film awful scene hate dialogue scene awful character poor hate,0
movie amazing scene good amazing plot dialogue character excellent,1
poor terrible scene film horrible character movie scene poor awful,0
scene film happy plot great amazing amazing film character good,1
great fantastic story happy story movie,1
love excellent movie dialogue character great,1
character story scene movie great great happy happy amazing film love plot,1
bad character bad awful poor scene movie movie,0
character dialogue dialogue excellent fantastic,1
character movie character terrible horrible poor plot horrible poor sad dialogue story awful story character,0
great plot story story love dialogue great,1
story sad dialogue dialogue horrible bad awful sad dialogue story film,0
fantastic happy good character good movie scene film excellent happy scene happy story film,1
character film awful hate terrible hate dialogue dialogue scene film hate sad character bad,0
good story happy dialogue happy film amazing character story plot love story excellent great,1
character happy plot film film happy scene good amazing love love character amazing story dialogue,1
scene scene story story plot film excellent happy love excellent love fantastic story,1
dialogue love amazing plot character dialogue fantastic amazing story fantastic character story scene excellent happy,1
story scene love excellent film happy story,1
scene happy love plot great plot plot movie fantastic,1
poor story scene movie awful movie sad horrible awful character,0
character happy film dialogue amazing movie excellent scene amazing great happy story plot love,1
dialogue sad bad poor scene terrible plot dialogue,0
excellent good scene scene plot happy dialogue story love,1
film character bad bad dialogue,0
movie happy amazing scene great great scene film,1
good love good story story scene good film amazing plot character amazing,1
bad bad awful plot scene story story awful sad film horrible scene awful scene,0
film happy amazing plot film character story happy great fantastic film happy,1
plot fantastic fantastic excellent dialogue film,1
dialogue happy excellent plot story plot love excellent fantastic film,1
film film amazing dialogue excellent,1
good movie scene plot movie film fantastic love excellent amazing,1
happy amazing plot plot scene great film good great story plot character great,1
film story film bad awful plot sad plot terrible bad story horrible story,0
dialogue happy fantastic film film story amazing movie excellent amazing great happy scene movie,1
scene sad poor film awful scene,0
film bad plot scene hate terrible plot poor story dialogue movie film poor awful awful,0
character terrible plot bad scene scene scene sad horrible,0
character bad sad movie terrible terrible story movie bad scene scene hate,0
plot character good fantastic movie great character great movie film good,1
bad horrible story character character,0
awful sad film story plot sad hate terrible dialogue dialogue,0
happy happy film plot scene film good film character good happy,1
plot bad terrible dialogue sad scene plot,0
story excellent happy good movie excellent plot amazing film scene good dialogue great character,1
love fantastic character good character good character story love story character dialogue amazing great,1
film horrible bad terrible poor character hate scene dialogue dialogue poor plot film,0
film scene love great excellent film fantastic dialogue,1
scene awful terrible character terrible terrible bad plot movie sad dialogue character,0
excellent dialogue scene story fantastic character good,1
dialogue hate scene hate film dialogue character scene hate horrible scene sad sad bad,0
bad film film film awful movie horrible bad film poor movie bad sad film,0
fantastic story scene dialogue film happy great,1
movie movie fantastic happy movie excellent excellent character plot,1
character fantastic love dialogue good film great dialogue,1
sad movie film terrible character terrible,0
movie horrible terrible dialogue terrible dialogue,0
bad film character movie dialogue sad film character hate terrible awful bad character awful,0
dialogue story dialogue happy fantastic character love fantastic,1
great plot movie character good character dialogue fantastic fantastic,1
dialogue poor poor film terrible character poor story plot poor dialogue plot terrible,0
scene fantastic dialogue scene great film good,1
scene happy dialogue good good great scene scene,1
amazing fantastic great story film scene,1
character terrible dialogue poor plot poor,0
terrible dialogue film story hate,0
dialogue character hate plot story scene film terrible sad horrible terrible hate,0
bad scene terrible awful plot movie hate scene story sad sad movie hate dialogue movie,0
terrible story movie character movie poor dialogue poor hate sad,0
hate sad scene awful terrible film film awful character terrible dialogue scene hate scene film,0
happy character movie great love character good story amazing happy film great dialogue plot,1
scene bad sad poor scene dialogue story bad character poor poor plot,0
happy character love character fantastic plot fantastic film fantastic movie great amazing movie scene character,1
fantastic happy film movie film,1
film story sad hate hate horrible dialogue scene movie,0
happy great fantastic scene movie plot plot amazing plot love,1
horrible hate sad movie movie movie,0
dialogue excellent film scene love story amazing good,1
film plot love good amazing movie excellent film scene plot great movie amazing,1
terrible scene movie movie bad,0
plot story happy fantastic love love fantastic love plot dialogue happy film dialogue film story,1
bad movie hate film terrible plot horrible awful bad dialogue scene hate film movie,0
scene character terrible movie awful story awful terrible plot poor film hate,0
dialogue film poor horrible hate horrible movie character terrible plot,0
poor hate character character plot bad story film plot bad awful movie horrible dialogue poor,0
horrible plot scene character character poor bad horrible film horrible,0
movie hate story bad terrible dialogue plot,0
sad bad poor story sad story hate character plot scene awful film character horrible dialogue,0
story love story excellent dialogue plot excellent scene movie happy love,1
character hate dialogue dialogue terrible scene horrible character hate horrible,0
fantastic good happy story character amazing excellent happy scene dialogue story movie dialogue story great,1
dialogue plot amazing happy good dialogue love great scene scene,1
dialogue poor story scene hate horrible character scene bad horrible plot,0
